<?xml version="1.0" encoding="UTF-8"?>
<beans xmlns="http://www.springframework.org/schema/beans"
    xmlns:xsi="http://www.w3.org/2001/XMLSchema-instance" xmlns:context="http://www.springframework.org/schema/context"
    xmlns:mvc="http://www.springframework.org/schema/mvc"
    xsi:schemaLocation="http://www.springframework.org/schema/beans
    classpath:/org/springframework/schema/beans/spring-beans-4.3.xsd
    http://www.springframework.org/schema/context
    classpath:/org/springframework/schema/context/spring-context-4.3.xsd
    http://www.springframework.org/schema/mvc
    classpath:/org/springframework/schema/mvc/spring-mvc-4.3.xsd"
    default-autowire="byName">

    <!-- 开启注解，java文件里的@ -->
    <mvc:annotation-driven />

    <!-- 注解扫描包，注意换成自己的路径 -->
    <context:component-scan base-package="com.maimob.server.controller">
        <!-- 只扫描@Controller的部分 -->
        <context:include-filter type="annotation" expression="org.springframework.stereotype.Controller"/>
    </context:component-scan>

    <!--完成请求和注解POJO的映射 -->
    <bean
        class="org.springframework.beans.factory.annotation.AutowiredAnnotationBeanPostProcessor" />

    <!-- 静态资源(js/image)的访问 ，可添加多个-->
    <mvc:resources location="/js/" mapping="/js/**" />
    <mvc:resources location="/image/" mapping="/image/**"/> 
    <mvc:resources location="/css/" mapping="/css/**"/>
    <mvc:resources location="/fonts/" mapping="/fonts/**"/>
    <mvc:resources location="/page/" mapping="/page/**"/>  
    <mvc:resources location="/upload/" mapping="/upload/**"/>  

    <!-- 定义视图解析器 -->
    <bean id="viewResolver"
        class="org.springframework.web.servlet.view.InternalResourceViewResolver">
        <property name="prefix" value="/"></property>
        <property name="suffix" value=".html"></property>
    </bean>
</beans>  